Samples,Plant,Year,Plot,Nitrogen,Days,Soil,fertilizer,Type,Comparing
1001_C_2018_P3_N300_20180425_CABBI,Corn,2018,3,300,-14,Rizosphere,no,2018_300_-14,3
1002_C_2018_P3_N300_20180425_CABBI,Corn,2018,3,300,-14,Rizosphere,no,2018_300_-14,3
1003_C_2018_P3_N300_20180425_CABBI,Corn,2018,3,300,-14,Rizosphere,no,2018_300_-14,3
1004_C_2018_P4_N0_20180425_CABBI,Corn,2018,4,0,-14,Rizosphere,no,2018_0_-14,3
1005_C_2018_P4_N0_20180425_CABBI,Corn,2018,4,0,-14,Rizosphere,no,2018_0_-14,3
1006_C_2018_P4_N0_20180425_CABBI,Corn,2018,4,0,-14,Rizosphere,no,2018_0_-14,3
1007_C_2018_P5_N200_20180425_CABBI,Corn,2018,5,200,-14,Rizosphere,no,2018_200_-14,3
1008_C_2018_P5_N200_20180425_CABBI,Corn,2018,5,200,-14,Rizosphere,no,2018_200_-14,3
1009_C_2018_P5_N200_20180425_CABBI,Corn,2018,5,200,-14,Rizosphere,no,2018_200_-14,3
1010_C_2018_P6_N300_20180425_CABBI,Corn,2018,6,300,-14,Rizosphere,no,2018_300_-14,3
1011_C_2018_P6_N300_20180425_CABBI,Corn,2018,6,300,-14,Rizosphere,no,2018_300_-14,3
1012_C_2018_P6_N300_20180425_CABBI,Corn,2018,6,300,-14,Rizosphere,no,2018_300_-14,3
1013_C_2018_P7_N0_20180425_CABBI,Corn,2018,7,0,-14,Rizosphere,no,2018_0_-14,3
1014_C_2018_P7_N0_20180425_CABBI,Corn,2018,7,0,-14,Rizosphere,no,2018_0_-14,3
1015_C_2018_P7_N0_20180425_CABBI,Corn,2018,7,0,-14,Rizosphere,no,2018_0_-14,3
1016_C_2018_P9_N200_20180425_CABBI,Corn,2018,9,200,-14,Rizosphere,no,2018_200_-14,3
1017_C_2018_P9_N200_20180425_CABBI,Corn,2018,9,200,-14,Rizosphere,no,2018_200_-14,3
1018_C_2018_P9_N200_20180425_CABBI,Corn,2018,9,200,-14,Rizosphere,no,2018_200_-14,3
1019_C_2018_P12_N200_20180425_CABBI,Corn,2018,12,200,-14,Rizosphere,no,2018_200_-14,3
1020_C_2018_P12_N200_20180425_CABBI,Corn,2018,12,200,-14,Rizosphere,no,2018_200_-14,3
1021_C_2018_P12_N200_20180425_CABBI,Corn,2018,12,200,-14,Rizosphere,no,2018_200_-14,3
1022_C_2018_P13_N300_20180425_CABBI,Corn,2018,13,300,-14,Rizosphere,no,2018_300_-14,3
1023_C_2018_P13_N300_20180425_CABBI,Corn,2018,13,300,-14,Rizosphere,no,2018_300_-14,3
1024_C_2018_P13_N300_20180425_CABBI,Corn,2018,13,300,-14,Rizosphere,no,2018_300_-14,3
1025_C_2018_P14_N0_20180425_CABBI,Corn,2018,14,0,-14,Rizosphere,no,2018_0_-14,3
1026_C_2018_P14_N0_20180425_CABBI,Corn,2018,14,0,-14,Rizosphere,no,2018_0_-14,3
1027_C_2018_P14_N0_20180425_CABBI,Corn,2018,14,0,-14,Rizosphere,no,2018_0_-14,3
1028_M_2015_P3_N400_20180425_CABBI,Miscanthus,2015,3,400,-14,Rizosphere,no,2015_400_-14,1
1029_M_2015_P3_N400_20180425_CABBI,Miscanthus,2015,3,400,-14,Rizosphere,no,2015_400_-14,1
1030_M_2015_P3_N400_20180425_CABBI,Miscanthus,2015,3,400,-14,Rizosphere,no,2015_400_-14,1
1031_M_2015_P4_N0_20180425_CABBI,Miscanthus,2015,4,0,-14,Rizosphere,no,2015_0_-14,1
1032_M_2015_P4_N0_20180425_CABBI,Miscanthus,2015,4,0,-14,Rizosphere,no,2015_0_-14,1
1033_M_2015_P4_N0_20180425_CABBI,Miscanthus,2015,4,0,-14,Rizosphere,no,2015_0_-14,1
1034_M_2015_P5_N200_20180425_CABBI,Miscanthus,2015,5,200,-14,Rizosphere,no,2015_200_-14,1
1035_M_2015_P5_N200_20180425_CABBI,Miscanthus,2015,5,200,-14,Rizosphere,no,2015_200_-14,1
1036_M_2015_P5_N200_20180425_CABBI,Miscanthus,2015,5,200,-14,Rizosphere,no,2015_200_-14,1
1037_M_2016_P6_N400_20180425_CABBI,Miscanthus,2016,6,400,-14,Rizosphere,no,2016_400_-14,1
1038_M_2016_P6_N400_20180425_CABBI,Miscanthus,2016,6,400,-14,Rizosphere,no,2016_400_-14,1
1039_M_2016_P6_N400_20180425_CABBI,Miscanthus,2016,6,400,-14,Rizosphere,no,2016_400_-14,1
1040_M_2016_P7_N0_20180425_CABBI,Miscanthus,2016,7,0,-14,Rizosphere,no,2016_0_-14,1
1041_M_2016_P7_N0_20180425_CABBI,Miscanthus,2016,7,0,-14,Rizosphere,no,2016_0_-14,1
1042_M_2016_P7_N0_20180425_CABBI,Miscanthus,2016,7,0,-14,Rizosphere,no,2016_0_-14,1
1043_M_2016_P9_N200_20180425_CABBI,Miscanthus,2016,9,200,-14,Rizosphere,no,2016_200_-14,1
1044_M_2016_P9_N200_20180425_CABBI,Miscanthus,2016,9,200,-14,Rizosphere,no,2016_200_-14,1
1045_M_2016_P9_N200_20180425_CABBI,Miscanthus,2016,9,200,-14,Rizosphere,no,2016_200_-14,1
1046_M_2017_P12_N200_20180425_CABBI,Miscanthus,2017,12,200,-14,Rizosphere,no,2017_200_-14,2
1047_M_2017_P12_N200_20180425_CABBI,Miscanthus,2017,12,200,-14,Rizosphere,no,2017_200_-14,2
1048_M_2017_P12_N200_20180425_CABBI,Miscanthus,2017,12,200,-14,Rizosphere,no,2017_200_-14,2
1049_M_2017_P13_N400_20180425_CABBI,Miscanthus,2017,13,400,-14,Rizosphere,no,2017_400_-14,2
1050_M_2017_P13_N400_20180425_CABBI,Miscanthus,2017,13,400,-14,Rizosphere,no,2017_400_-14,2
1051_M_2017_P13_N400_20180425_CABBI,Miscanthus,2017,13,400,-14,Rizosphere,no,2017_400_-14,2
1052_M_2017_P14_N0_20180425_CABBI,Miscanthus,2017,14,0,-14,Rizosphere,no,2017_0_-14,2
1053_M_2017_P14_N0_20180425_CABBI,Miscanthus,2017,14,0,-14,Rizosphere,no,2017_0_-14,2
1054_M_2017_P14_N0_20180425_CABBI,Miscanthus,2017,14,0,-14,Rizosphere,no,2017_0_-14,2
1055_M_2016_P17_N400_20180425_CABBI,Miscanthus,2016,17,400,-14,Rizosphere,no,2016_400_-14,1
1056_M_2016_P17_N400_20180425_CABBI,Miscanthus,2016,17,400,-14,Rizosphere,no,2016_400_-14,1
1057_M_2016_P17_N400_20180425_CABBI,Miscanthus,2016,17,400,-14,Rizosphere,no,2016_400_-14,1
1058_M_2016_P18_N200_20180425_CABBI,Miscanthus,2016,18,200,-14,Rizosphere,no,2016_200_-14,1
1059_M_2016_P18_N200_20180425_CABBI,Miscanthus,2016,18,200,-14,Rizosphere,no,2016_200_-14,1
1060_M_2016_P18_N200_20180425_CABBI,Miscanthus,2016,18,200,-14,Rizosphere,no,2016_200_-14,1
1061_M_2016_P19_N0_20180425_CABBI,Miscanthus,2016,19,0,-14,Rizosphere,no,2016_0_-14,1
1062_M_2016_P19_N0_20180425_CABBI,Miscanthus,2016,19,0,-14,Rizosphere,no,2016_0_-14,1
1063_M_2016_P19_N0_20180425_CABBI,Miscanthus,2016,19,0,-14,Rizosphere,no,2016_0_-14,1
1064_M_2017_P22_N400_20180425_CABBI,Miscanthus,2017,22,400,-14,Rizosphere,no,2017_400_-14,2
1065_M_2017_P22_N400_20180425_CABBI,Miscanthus,2017,22,400,-14,Rizosphere,no,2017_400_-14,2
1066_M_2017_P22_N400_20180425_CABBI,Miscanthus,2017,22,400,-14,Rizosphere,no,2017_400_-14,2
1067_M_2017_P24_N0_20180425_CABBI,Miscanthus,2017,24,0,-14,Rizosphere,no,2017_0_-14,2
1068_M_2017_P24_N0_20180425_CABBI,Miscanthus,2017,24,0,-14,Rizosphere,no,2017_0_-14,2
1069_M_2017_P24_N0_20180425_CABBI,Miscanthus,2017,24,0,-14,Rizosphere,no,2017_0_-14,2
1070_M_2017_P25_N200_20180425_CABBI,Miscanthus,2017,25,200,-14,Rizosphere,no,2017_200_-14,2
1071_M_2017_P25_N200_20180425_CABBI,Miscanthus,2017,25,200,-14,Rizosphere,no,2017_200_-14,2
1072_M_2017_P25_N200_20180425_CABBI,Miscanthus,2017,25,200,-14,Rizosphere,no,2017_200_-14,2
1073_M_2015_P27_N400_20180425_CABBI,Miscanthus,2015,27,400,-14,Rizosphere,no,2015_400_-14,1
1074_M_2015_P27_N400_20180425_CABBI,Miscanthus,2015,27,400,-14,Rizosphere,no,2015_400_-14,1
1075_M_2015_P27_N400_20180425_CABBI,Miscanthus,2015,27,400,-14,Rizosphere,no,2015_400_-14,1
1076_M_2015_P28_N0_20180425_CABBI,Miscanthus,2015,28,0,-14,Rizosphere,no,2015_0_-14,1
1077_M_2015_P28_N0_20180425_CABBI,Miscanthus,2015,28,0,-14,Rizosphere,no,2015_0_-14,1
1078_M_2015_P28_N0_20180425_CABBI,Miscanthus,2015,28,0,-14,Rizosphere,no,2015_0_-14,1
1079_M_2015_P30_N200_20180425_CABBI,Miscanthus,2015,30,200,-14,Rizosphere,no,2015_200_-14,1
1080_M_2015_P30_N200_20180425_CABBI,Miscanthus,2015,30,200,-14,Rizosphere,no,2015_200_-14,1
1081_M_2015_P30_N200_20180425_CABBI,Miscanthus,2015,30,200,-14,Rizosphere,no,2015_200_-14,1
1082_M_2017_P33_N200_20180425_CABBI,Miscanthus,2017,33,200,-14,Rizosphere,no,2017_200_-14,2
1083_M_2017_P33_N200_20180425_CABBI,Miscanthus,2017,33,200,-14,Rizosphere,no,2017_200_-14,2
1084_M_2017_P33_N200_20180425_CABBI,Miscanthus,2017,33,200,-14,Rizosphere,no,2017_200_-14,2
1085_M_2017_P34_N400_20180425_CABBI,Miscanthus,2017,34,400,-14,Rizosphere,no,2017_400_-14,2
1086_M_2017_P34_N400_20180425_CABBI,Miscanthus,2017,34,400,-14,Rizosphere,no,2017_400_-14,2
1087_M_2017_P34_N400_20180425_CABBI,Miscanthus,2017,34,400,-14,Rizosphere,no,2017_400_-14,2
1088_M_2017_P35_N0_20180425_CABBI,Miscanthus,2017,35,0,-14,Rizosphere,no,2017_0_-14,2
1089_M_2017_P35_N0_20180425_CABBI,Miscanthus,2017,35,0,-14,Rizosphere,no,2017_0_-14,2
1090_M_2017_P35_N0_20180425_CABBI,Miscanthus,2017,35,0,-14,Rizosphere,no,2017_0_-14,2
1091_M_2016_P37_N400_20180425_CABBI,Miscanthus,2016,37,400,-14,Rizosphere,no,2016_400_-14,1
1092_M_2016_P37_N400_20180425_CABBI,Miscanthus,2016,37,400,-14,Rizosphere,no,2016_400_-14,1
1093_M_2016_P37_N400_20180425_CABBI,Miscanthus,2016,37,400,-14,Rizosphere,no,2016_400_-14,1
1094_M_2016_P39_N0_20180425_CABBI,Miscanthus,2016,39,0,-14,Rizosphere,no,2016_0_-14,1
1095_M_2016_P39_N0_20180425_CABBI,Miscanthus,2016,39,0,-14,Rizosphere,no,2016_0_-14,1
1096_M_2016_P39_N0_20180425_CABBI,Miscanthus,2016,39,0,-14,Rizosphere,no,2016_0_-14,1
1097_M_2016_P40_N200_20180425_CABBI,Miscanthus,2016,40,200,-14,Rizosphere,no,2016_200_-14,1
1098_M_2016_P40_N200_20180425_CABBI,Miscanthus,2016,40,200,-14,Rizosphere,no,2016_200_-14,1
1099_M_2016_P40_N200_20180425_CABBI,Miscanthus,2016,40,200,-14,Rizosphere,no,2016_200_-14,1
1100_M_2015_P43_N200_20180425_CABBI,Miscanthus,2015,43,200,-14,Rizosphere,no,2015_200_-14,1
1101_M_2015_P43_N200_20180425_CABBI,Miscanthus,2015,43,200,-14,Rizosphere,no,2015_200_-14,1
1102_M_2015_P43_N200_20180425_CABBI,Miscanthus,2015,43,200,-14,Rizosphere,no,2015_200_-14,1
1103_M_2015_P44_N0_20180425_CABBI,Miscanthus,2015,44,0,-14,Rizosphere,no,2015_0_-14,1
1104_M_2015_P44_N0_20180425_CABBI,Miscanthus,2015,44,0,-14,Rizosphere,no,2015_0_-14,1
1105_M_2015_P44_N0_20180425_CABBI,Miscanthus,2015,44,0,-14,Rizosphere,no,2015_0_-14,1
1106_M_2015_P45_N400_20180425_CABBI,Miscanthus,2015,45,400,-14,Rizosphere,no,2015_400_-14,1
1107_M_2015_P45_N400_20180425_CABBI,Miscanthus,2015,45,400,-14,Rizosphere,no,2015_400_-14,1
1108_M_2015_P45_N400_20180425_CABBI,Miscanthus,2015,45,400,-14,Rizosphere,no,2015_400_-14,1
1109_C_2018_P33_N200_20180425_CABBI,Corn,2018,33,200,-14,Rizosphere,no,2018_200_-14,3
1110_C_2018_P33_N200_20180425_CABBI,Corn,2018,33,200,-14,Rizosphere,no,2018_200_-14,3
1111_C_2018_P33_N200_20180425_CABBI,Corn,2018,33,200,-14,Rizosphere,no,2018_200_-14,3
1112_C_2018_P34_N300_20180425_CABBI,Corn,2018,34,300,-14,Rizosphere,no,2018_300_-14,3
1113_C_2018_P34_N300_20180425_CABBI,Corn,2018,34,300,-14,Rizosphere,no,2018_300_-14,3
1114_C_2018_P34_N300_20180425_CABBI,Corn,2018,34,300,-14,Rizosphere,no,2018_300_-14,3
1115_C_2018_P35_N0_20180425_CABBI,Corn,2018,35,0,-14,Rizosphere,no,2018_0_-14,3
1116_C_2018_P35_N0_20180425_CABBI,Corn,2018,35,0,-14,Rizosphere,no,2018_0_-14,3
1117_C_2018_P35_N0_20180425_CABBI,Corn,2018,35,0,-14,Rizosphere,no,2018_0_-14,3
1118_C_2018_P37_N300_20180425_CABBI,Corn,2018,37,300,-14,Rizosphere,no,2018_300_-14,3
1119_C_2018_P37_N300_20180425_CABBI,Corn,2018,37,300,-14,Rizosphere,no,2018_300_-14,3
1120_C_2018_P37_N300_20180425_CABBI,Corn,2018,37,300,-14,Rizosphere,no,2018_300_-14,3
1121_C_2018_P39_N0_20180425_CABBI,Corn,2018,39,0,-14,Rizosphere,no,2018_0_-14,3
1122_C_2018_P39_N0_20180425_CABBI,Corn,2018,39,0,-14,Rizosphere,no,2018_0_-14,3
1123_C_2018_P39_N0_20180425_CABBI,Corn,2018,39,0,-14,Rizosphere,no,2018_0_-14,3
1124_C_2018_P40_N200_20180425_CABBI,Corn,2018,40,200,-14,Rizosphere,no,2018_200_-14,3
1125_C_2018_P40_N200_20180425_CABBI,Corn,2018,40,200,-14,Rizosphere,no,2018_200_-14,3
1126_C_2018_P40_N200_20180425_CABBI,Corn,2018,40,200,-14,Rizosphere,no,2018_200_-14,3
1127_C_2018_P43_N200_20180425_CABBI,Corn,2018,43,200,-14,Rizosphere,no,2018_200_-14,3
1128_C_2018_P43_N200_20180425_CABBI,Corn,2018,43,200,-14,Rizosphere,no,2018_200_-14,3
1129_C_2018_P43_N200_20180425_CABBI,Corn,2018,43,200,-14,Rizosphere,no,2018_200_-14,3
1130_C_2018_P44_N0_20180425_CABBI,Corn,2018,44,0,-14,Rizosphere,no,2018_0_-14,3
1131_C_2018_P44_N0_20180425_CABBI,Corn,2018,44,0,-14,Rizosphere,no,2018_0_-14,3
1132_C_2018_P44_N0_20180425_CABBI,Corn,2018,44,0,-14,Rizosphere,no,2018_0_-14,3
1133_C_2018_P45_N300_20180425_CABBI,Corn,2018,45,300,-14,Rizosphere,no,2018_300_-14,3
1134_C_2018_P45_N300_20180425_CABBI,Corn,2018,45,300,-14,Rizosphere,no,2018_300_-14,3
1135_C_2018_P45_N300_20180425_CABBI,Corn,2018,45,300,-14,Rizosphere,no,2018_300_-14,3
1136_M_2017_P46_N0_20180425_CABBI,Miscanthus,2017,46,0,-14,Rizosphere,no,2017_0_-14,2
1137_M_2017_P46_N0_20180425_CABBI,Miscanthus,2017,46,0,-14,Rizosphere,no,2017_0_-14,2
1138_M_2017_P46_N0_20180425_CABBI,Miscanthus,2017,46,0,-14,Rizosphere,no,2017_0_-14,2
1139_M_2017_P48_N400_20180425_CABBI,Miscanthus,2017,48,400,-14,Rizosphere,no,2017_400_-14,2
1140_M_2017_P48_N400_20180425_CABBI,Miscanthus,2017,48,400,-14,Rizosphere,no,2017_400_-14,2
1141_M_2017_P48_N400_20180425_CABBI,Miscanthus,2017,48,400,-14,Rizosphere,no,2017_400_-14,2
1142_M_2017_P50_N200_20180425_CABBI,Miscanthus,2017,50,200,-14,Rizosphere,no,2017_200_-14,2
1143_M_2017_P50_N200_20180425_CABBI,Miscanthus,2017,50,200,-14,Rizosphere,no,2017_200_-14,2
1144_M_2017_P50_N200_20180425_CABBI,Miscanthus,2017,50,200,-14,Rizosphere,no,2017_200_-14,2
1145_M_2015_P53_N400_20180425_CABBI,Miscanthus,2015,53,400,-14,Rizosphere,no,2015_400_-14,1
1146_M_2015_P53_N400_20180425_CABBI,Miscanthus,2015,53,400,-14,Rizosphere,no,2015_400_-14,1
1147_M_2015_P53_N400_20180425_CABBI,Miscanthus,2015,53,400,-14,Rizosphere,no,2015_400_-14,1
1148_M_2015_P54_N200_20180425_CABBI,Miscanthus,2015,54,200,-14,Rizosphere,no,2015_200_-14,1
1149_M_2015_P54_N200_20180425_CABBI,Miscanthus,2015,54,200,-14,Rizosphere,no,2015_200_-14,1
1150_M_2015_P54_N200_20180425_CABBI,Miscanthus,2015,54,200,-14,Rizosphere,no,2015_200_-14,1
1151_M_2015_P55_N0_20180425_CABBI,Miscanthus,2015,55,0,-14,Rizosphere,no,2015_0_-14,1
1152_M_2015_P55_N0_20180425_CABBI,Miscanthus,2015,55,0,-14,Rizosphere,no,2015_0_-14,1
1153_M_2015_P55_N0_20180425_CABBI,Miscanthus,2015,55,0,-14,Rizosphere,no,2015_0_-14,1
1154_M_2016_P56_N0_20180425_CABBI,Miscanthus,2016,56,0,-14,Rizosphere,no,2016_0_-14,1
1155_M_2016_P56_N0_20180425_CABBI,Miscanthus,2016,56,0,-14,Rizosphere,no,2016_0_-14,1
1156_M_2016_P56_N0_20180425_CABBI,Miscanthus,2016,56,0,-14,Rizosphere,no,2016_0_-14,1
1157_M_2016_P58_N400_20180425_CABBI,Miscanthus,2016,58,400,-14,Rizosphere,no,2016_400_-14,1
1158_M_2016_P58_N400_20180425_CABBI,Miscanthus,2016,58,400,-14,Rizosphere,no,2016_400_-14,1
1159_M_2016_P58_N400_20180425_CABBI,Miscanthus,2016,58,400,-14,Rizosphere,no,2016_400_-14,1
1160_M_2016_P60_N200_20180425_CABBI,Miscanthus,2016,60,200,-14,Rizosphere,no,2016_200_-14,1
1161_M_2016_P60_N200_20180425_CABBI,Miscanthus,2016,60,200,-14,Rizosphere,no,2016_200_-14,1
1162_M_2016_P60_N200_20180425_CABBI,Miscanthus,2016,60,200,-14,Rizosphere,no,2016_200_-14,1
2001_C_2018_P3_N300_A_20180429_CABBI,Corn,2018,3,300,-10,Rizosphere,no,2018_300_-10,3
2002_C_2018_P3_N300_B_20180429_CABBI,Corn,2018,3,300,-10,Rizosphere,no,2018_300_-10,3
2003_C_2018_P3_N300_C_20180429_CABBI,Corn,2018,3,300,-10,Rizosphere,no,2018_300_-10,3
2004_C_2018_P4_N0_A_20180429_CABBI,Corn,2018,4,0,-10,Rizosphere,no,2018_0_-10,3
2005_C_2018_P4_N0_B_20180429_CABBI,Corn,2018,4,0,-10,Rizosphere,no,2018_0_-10,3
2006_C_2018_P4_N0_C_20180429_CABBI,Corn,2018,4,0,-10,Rizosphere,no,2018_0_-10,3
2007_C_2018_P5_N200_A_20180429_CABBI,Corn,2018,5,200,-10,Rizosphere,no,2018_200_-10,3
2008_C_2018_P5_N200_B_20180429_CABBI,Corn,2018,5,200,-10,Rizosphere,no,2018_200_-10,3
2009_C_2018_P5_N200_C_20180429_CABBI,Corn,2018,5,200,-10,Rizosphere,no,2018_200_-10,3
2010_C_2018_P6_N300_A_20180429_CABBI,Corn,2018,6,300,-10,Rizosphere,no,2018_300_-10,3
2011_C_2018_P6_N300_B_20180429_CABBI,Corn,2018,6,300,-10,Rizosphere,no,2018_300_-10,3
2012_C_2018_P6_N300_C_20180429_CABBI,Corn,2018,6,300,-10,Rizosphere,no,2018_300_-10,3
2013_C_2018_P7_N0_A_20180429_CABBI,Corn,2018,7,0,-10,Rizosphere,no,2018_0_-10,3
2014_C_2018_P7_N0_B_20180429_CABBI,Corn,2018,7,0,-10,Rizosphere,no,2018_0_-10,3
2015_C_2018_P7_N0_C_20180429_CABBI,Corn,2018,7,0,-10,Rizosphere,no,2018_0_-10,3
2016_C_2018_P9_N200_A_20180429_CABBI,Corn,2018,9,200,-10,Rizosphere,no,2018_200_-10,3
2017_C_2018_P9_N200_B_20180429_CABBI,Corn,2018,9,200,-10,Rizosphere,no,2018_200_-10,3
2018_C_2018_P9_N200_C_20180429_CABBI,Corn,2018,9,200,-10,Rizosphere,no,2018_200_-10,3
2019_C_2018_P12_N200_A_20180429_CABBI,Corn,2018,12,200,-10,Rizosphere,no,2018_200_-10,3
2020_C_2018_P12_N200_B_20180429_CABBI,Corn,2018,12,200,-10,Rizosphere,no,2018_200_-10,3
2021_C_2018_P12_N200_C_20180429_CABBI,Corn,2018,12,200,-10,Rizosphere,no,2018_200_-10,3
2022_C_2018_P13_N300_A_20180429_CABBI,Corn,2018,13,300,-10,Rizosphere,no,2018_300_-10,3
2023_C_2018_P13_N300_B_20180429_CABBI,Corn,2018,13,300,-10,Rizosphere,no,2018_300_-10,3
2024_C_2018_P13_N300_C_20180429_CABBI,Corn,2018,13,300,-10,Rizosphere,no,2018_300_-10,3
2025_C_2018_P14_N0_A_20180429_CABBI,Corn,2018,14,0,-10,Rizosphere,no,2018_0_-10,3
2026_C_2018_P14_N0_B_20180429_CABBI,Corn,2018,14,0,-10,Rizosphere,no,2018_0_-10,3
2027_C_2018_P14_N0_C_20180429_CABBI,Corn,2018,14,0,-10,Rizosphere,no,2018_0_-10,3
2028_M_2015_P3_N400_A_20180429_CABBI,Miscanthus,2015,3,400,-10,Rizosphere,no,2015_400_-10,1
2029_M_2015_P3_N400_B_20180429_CABBI,Miscanthus,2015,3,400,-10,Rizosphere,no,2015_400_-10,1
2030_M_2015_P3_N400_C_20180429_CABBI,Miscanthus,2015,3,400,-10,Rizosphere,no,2015_400_-10,1
2031_M_2015_P4_N0_A_20180429_CABBI,Miscanthus,2015,4,0,-10,Rizosphere,no,2015_0_-10,1
2032_M_2015_P4_N0_B_20180429_CABBI,Miscanthus,2015,4,0,-10,Rizosphere,no,2015_0_-10,1
2033_M_2015_P4_N0_C_20180429_CABBI,Miscanthus,2015,4,0,-10,Rizosphere,no,2015_0_-10,1
2034_M_2015_P5_N200_A_20180429_CABBI,Miscanthus,2015,5,200,-10,Rizosphere,no,2015_200_-10,1
2035_M_2015_P5_N200_B_20180429_CABBI,Miscanthus,2015,5,200,-10,Rizosphere,no,2015_200_-10,1
2036_M_2015_P5_N200_C_20180429_CABBI,Miscanthus,2015,5,200,-10,Rizosphere,no,2015_200_-10,1
2037_M_2016_P6_N400_A_20180429_CABBI,Miscanthus,2016,6,400,-10,Rizosphere,no,2016_400_-10,1
2038_M_2016_P6_N400_B_20180429_CABBI,Miscanthus,2016,6,400,-10,Rizosphere,no,2016_400_-10,1
2039_M_2016_P6_N400_C_20180429_CABBI,Miscanthus,2016,6,400,-10,Rizosphere,no,2016_400_-10,1
2040_M_2016_P7_N0_A_20180429_CABBI,Miscanthus,2016,7,0,-10,Rizosphere,no,2016_0_-10,1
2041_M_2016_P7_N0_B_20180429_CABBI,Miscanthus,2016,7,0,-10,Rizosphere,no,2016_0_-10,1
2042_M_2016_P7_N0_C_20180429_CABBI,Miscanthus,2016,7,0,-10,Rizosphere,no,2016_0_-10,1
2043_M_2016_P9_N200_A_20180429_CABBI,Miscanthus,2016,9,200,-10,Rizosphere,no,2016_200_-10,1
2044_M_2016_P9_N200_B_20180429_CABBI,Miscanthus,2016,9,200,-10,Rizosphere,no,2016_200_-10,1
2045_M_2016_P9_N200_C_20180429_CABBI,Miscanthus,2016,9,200,-10,Rizosphere,no,2016_200_-10,1
2046_M_2017_P12_N200_A_20180429_CABBI,Miscanthus,2017,12,200,-10,Rizosphere,no,2017_200_-10,2
2047_M_2017_P12_N200_B_20180429_CABBI,Miscanthus,2017,12,200,-10,Rizosphere,no,2017_200_-10,2
2048_M_2017_P12_N200_C_20180429_CABBI,Miscanthus,2017,12,200,-10,Rizosphere,no,2017_200_-10,2
2049_M_2017_P13_N400_A_20180429_CABBI,Miscanthus,2017,13,400,-10,Rizosphere,no,2017_400_-10,2
2050_M_2017_P13_N400_B_20180429_CABBI,Miscanthus,2017,13,400,-10,Rizosphere,no,2017_400_-10,2
2051_M_2017_P13_N400_C_20180429_CABBI,Miscanthus,2017,13,400,-10,Rizosphere,no,2017_400_-10,2
2052_M_2017_P14_N0_A_20180429_CABBI,Miscanthus,2017,14,0,-10,Rizosphere,no,2017_0_-10,2
2053_M_2017_P14_N0_B_20180429_CABBI,Miscanthus,2017,14,0,-10,Rizosphere,no,2017_0_-10,2
2054_M_2017_P14_N0_C_20180429_CABBI,Miscanthus,2017,14,0,-10,Rizosphere,no,2017_0_-10,2
2055_M_2016_P17_N400_A_20180429_CABBI,Miscanthus,2016,17,400,-10,Rizosphere,no,2016_400_-10,1
2056_M_2016_P17_N400_B_20180429_CABBI,Miscanthus,2016,17,400,-10,Rizosphere,no,2016_400_-10,1
2057_M_2016_P17_N400_C_20180429_CABBI,Miscanthus,2016,17,400,-10,Rizosphere,no,2016_400_-10,1
2058_M_2016_P18_N200_A_20180429_CABBI,Miscanthus,2016,18,200,-10,Rizosphere,no,2016_200_-10,1
2059_M_2016_P18_N200_B_20180429_CABBI,Miscanthus,2016,18,200,-10,Rizosphere,no,2016_200_-10,1
2060_M_2016_P18_N200_C_20180429_CABBI,Miscanthus,2016,18,200,-10,Rizosphere,no,2016_200_-10,1
2061_M_2016_P19_N0_A_20180429_CABBI,Miscanthus,2016,19,0,-10,Rizosphere,no,2016_0_-10,1
2062_M_2016_P19_N0_B_20180429_CABBI,Miscanthus,2016,19,0,-10,Rizosphere,no,2016_0_-10,1
2063_M_2016_P19_N0_C_20180429_CABBI,Miscanthus,2016,19,0,-10,Rizosphere,no,2016_0_-10,1
2064_M_2017_P22_N400_A_20180429_CABBI,Miscanthus,2017,22,400,-10,Rizosphere,no,2017_400_-10,2
2065_M_2017_P22_N400_B_20180429_CABBI,Miscanthus,2017,22,400,-10,Rizosphere,no,2017_400_-10,2
2066_M_2017_P22_N400_C_20180429_CABBI,Miscanthus,2017,22,400,-10,Rizosphere,no,2017_400_-10,2
2067_M_2017_P24_N0_A_20180429_CABBI,Miscanthus,2017,24,0,-10,Rizosphere,no,2017_0_-10,2
2068_M_2017_P24_N0_B_20180429_CABBI,Miscanthus,2017,24,0,-10,Rizosphere,no,2017_0_-10,2
2069_M_2017_P24_N0_C_20180429_CABBI,Miscanthus,2017,24,0,-10,Rizosphere,no,2017_0_-10,2
2070_M_2017_P25_N200_A_20180429_CABBI,Miscanthus,2017,25,200,-10,Rizosphere,no,2017_200_-10,2
2071_M_2017_P25_N200_B_20180429_CABBI,Miscanthus,2017,25,200,-10,Rizosphere,no,2017_200_-10,2
2072_M_2017_P25_N200_C_20180429_CABBI,Miscanthus,2017,25,200,-10,Rizosphere,no,2017_200_-10,2
2073_M_2015_P27_N400_A_20180429_CABBI,Miscanthus,2015,27,400,-10,Rizosphere,no,2015_400_-10,1
2074_M_2015_P27_N400_B_20180429_CABBI,Miscanthus,2015,27,400,-10,Rizosphere,no,2015_400_-10,1
2075_M_2015_P27_N400_C_20180429_CABBI,Miscanthus,2015,27,400,-10,Rizosphere,no,2015_400_-10,1
2076_M_2015_P28_N0_A_20180429_CABBI,Miscanthus,2015,28,0,-10,Rizosphere,no,2015_0_-10,1
2077_M_2015_P28_N0_B_20180429_CABBI,Miscanthus,2015,28,0,-10,Rizosphere,no,2015_0_-10,1
2078_M_2015_P28_N0_C_20180429_CABBI,Miscanthus,2015,28,0,-10,Rizosphere,no,2015_0_-10,1
2079_M_2015_P30_N200_A_20180429_CABBI,Miscanthus,2015,30,200,-10,Rizosphere,no,2015_200_-10,1
2080_M_2015_P30_N200_B_20180429_CABBI,Miscanthus,2015,30,200,-10,Rizosphere,no,2015_200_-10,1
2081_M_2015_P30_N200_C_20180429_CABBI,Miscanthus,2015,30,200,-10,Rizosphere,no,2015_200_-10,1
2082_M_2017_P33_N200_A_20180429_CABBI,Miscanthus,2017,33,200,-10,Rizosphere,no,2017_200_-10,2
2083_M_2017_P33_N200_B_20180429_CABBI,Miscanthus,2017,33,200,-10,Rizosphere,no,2017_200_-10,2
2084_M_2017_P33_N200_C_20180429_CABBI,Miscanthus,2017,33,200,-10,Rizosphere,no,2017_200_-10,2
2085_M_2017_P34_N400_A_20180429_CABBI,Miscanthus,2017,34,400,-10,Rizosphere,no,2017_400_-10,2
2086_M_2017_P34_N400_B_20180429_CABBI,Miscanthus,2017,34,400,-10,Rizosphere,no,2017_400_-10,2
2087_M_2017_P34_N400_C_20180429_CABBI,Miscanthus,2017,34,400,-10,Rizosphere,no,2017_400_-10,2
2088_M_2017_P35_N0_A_20180429_CABBI,Miscanthus,2017,35,0,-10,Rizosphere,no,2017_0_-10,2
2089_M_2017_P35_N0_B_20180429_CABBI,Miscanthus,2017,35,0,-10,Rizosphere,no,2017_0_-10,2
2090_M_2017_P35_N0_C_20180429_CABBI,Miscanthus,2017,35,0,-10,Rizosphere,no,2017_0_-10,2
2091_M_2016_P37_N400_A_20180429_CABBI,Miscanthus,2016,37,400,-10,Rizosphere,no,2016_400_-10,1
2092_M_2016_P37_N400_B_20180429_CABBI,Miscanthus,2016,37,400,-10,Rizosphere,no,2016_400_-10,1
2093_M_2016_P37_N400_C_20180429_CABBI,Miscanthus,2016,37,400,-10,Rizosphere,no,2016_400_-10,1
2094_M_2016_P39_N0_A_20180429_CABBI,Miscanthus,2016,39,0,-10,Rizosphere,no,2016_0_-10,1
2095_M_2016_P39_N0_B_20180429_CABBI,Miscanthus,2016,39,0,-10,Rizosphere,no,2016_0_-10,1
2096_M_2016_P39_N0_C_20180429_CABBI,Miscanthus,2016,39,0,-10,Rizosphere,no,2016_0_-10,1
2097_M_2016_P40_N200_A_20180429_CABBI,Miscanthus,2016,40,200,-10,Rizosphere,no,2016_200_-10,1
2098_M_2016_P40_N200_B_20180429_CABBI,Miscanthus,2016,40,200,-10,Rizosphere,no,2016_200_-10,1
2099_M_2016_P40_N200_C_20180429_CABBI,Miscanthus,2016,40,200,-10,Rizosphere,no,2016_200_-10,1
2100_M_2015_P43_N200_A_20180429_CABBI,Miscanthus,2015,43,200,-10,Rizosphere,no,2015_200_-10,1
2101_M_2015_P43_N200_B_20180429_CABBI,Miscanthus,2015,43,200,-10,Rizosphere,no,2015_200_-10,1
2102_M_2015_P43_N200_C_20180429_CABBI,Miscanthus,2015,43,200,-10,Rizosphere,no,2015_200_-10,1
2103_M_2015_P44_N0_A_20180429_CABBI,Miscanthus,2015,44,0,-10,Rizosphere,no,2015_0_-10,1
2104_M_2015_P44_N0_B_20180429_CABBI,Miscanthus,2015,44,0,-10,Rizosphere,no,2015_0_-10,1
2105_M_2015_P44_N0_C_20180429_CABBI,Miscanthus,2015,44,0,-10,Rizosphere,no,2015_0_-10,1
2106_M_2015_P45_N400_A_20180429_CABBI,Miscanthus,2015,45,400,-10,Rizosphere,no,2015_400_-10,1
2107_M_2015_P45_N400_B_20180429_CABBI,Miscanthus,2015,45,400,-10,Rizosphere,no,2015_400_-10,1
2108_M_2015_P45_N400_C_20180429_CABBI,Miscanthus,2015,45,400,-10,Rizosphere,no,2015_400_-10,1
2109_C_2018_P33_N200_A_20180429_CABBI,Corn,2018,33,200,-10,Rizosphere,no,2018_200_-10,3
2110_C_2018_P33_N200_B_20180429_CABBI,Corn,2018,33,200,-10,Rizosphere,no,2018_200_-10,3
2111_C_2018_P33_N200_C_20180429_CABBI,Corn,2018,33,200,-10,Rizosphere,no,2018_200_-10,3
2112_C_2018_P34_N300_A_20180429_CABBI,Corn,2018,34,300,-10,Rizosphere,no,2018_300_-10,3
2113_C_2018_P34_N300_B_20180429_CABBI,Corn,2018,34,300,-10,Rizosphere,no,2018_300_-10,3
2114_C_2018_P34_N300_C_20180429_CABBI,Corn,2018,34,300,-10,Rizosphere,no,2018_300_-10,3
2115_C_2018_P35_N0_A_20180429_CABBI,Corn,2018,35,0,-10,Rizosphere,no,2018_0_-10,3
2116_C_2018_P35_N0_B_20180429_CABBI,Corn,2018,35,0,-10,Rizosphere,no,2018_0_-10,3
2117_C_2018_P35_N0_C_20180429_CABBI,Corn,2018,35,0,-10,Rizosphere,no,2018_0_-10,3
2118_C_2018_P37_N300_A_20180429_CABBI,Corn,2018,37,300,-10,Rizosphere,no,2018_300_-10,3
2119_C_2018_P37_N300_B_20180429_CABBI,Corn,2018,37,300,-10,Rizosphere,no,2018_300_-10,3
2120_C_2018_P37_N300_C_20180429_CABBI,Corn,2018,37,300,-10,Rizosphere,no,2018_300_-10,3
2121_C_2018_P39_N0_A_20180429_CABBI,Corn,2018,39,0,-10,Rizosphere,no,2018_0_-10,3
2122_C_2018_P39_N0_B_20180429_CABBI,Corn,2018,39,0,-10,Rizosphere,no,2018_0_-10,3
2123_C_2018_P39_N0_C_20180429_CABBI,Corn,2018,39,0,-10,Rizosphere,no,2018_0_-10,3
2124_C_2018_P40_N200_A_20180429_CABBI,Corn,2018,40,200,-10,Rizosphere,no,2018_200_-10,3
2125_C_2018_P40_N200_B_20180429_CABBI,Corn,2018,40,200,-10,Rizosphere,no,2018_200_-10,3
2126_C_2018_P40_N200_C_20180429_CABBI,Corn,2018,40,200,-10,Rizosphere,no,2018_200_-10,3
2127_C_2018_P43_N200_A_20180429_CABBI,Corn,2018,43,200,-10,Rizosphere,no,2018_200_-10,3
2128_C_2018_P43_N200_B_20180429_CABBI,Corn,2018,43,200,-10,Rizosphere,no,2018_200_-10,3
2129_C_2018_P43_N200_C_20180429_CABBI,Corn,2018,43,200,-10,Rizosphere,no,2018_200_-10,3
2130_C_2018_P44_N0_A_20180429_CABBI,Corn,2018,44,0,-10,Rizosphere,no,2018_0_-10,3
2131_C_2018_P44_N0_B_20180429_CABBI,Corn,2018,44,0,-10,Rizosphere,no,2018_0_-10,3
2132_C_2018_P44_N0_C_20180429_CABBI,Corn,2018,44,0,-10,Rizosphere,no,2018_0_-10,3
2133_C_2018_P45_N300_A_20180429_CABBI,Corn,2018,45,300,-10,Rizosphere,no,2018_300_-10,3
2134_C_2018_P45_N300_B_20180429_CABBI,Corn,2018,45,300,-10,Rizosphere,no,2018_300_-10,3
2135_C_2018_P45_N300_C_20180429_CABBI,Corn,2018,45,300,-10,Rizosphere,no,2018_300_-10,3
2136_M_2017_P46_N0_A_20180429_CABBI,Miscanthus,2017,46,0,-10,Rizosphere,no,2017_0_-10,2
2137_M_2017_P46_N0_B_20180429_CABBI,Miscanthus,2017,46,0,-10,Rizosphere,no,2017_0_-10,2
2138_M_2017_P46_N0_C_20180429_CABBI,Miscanthus,2017,46,0,-10,Rizosphere,no,2017_0_-10,2
2139_M_2017_P48_N400_A_20180429_CABBI,Miscanthus,2017,48,400,-10,Rizosphere,no,2017_400_-10,2
2140_M_2017_P48_N400_B_20180429_CABBI,Miscanthus,2017,48,400,-10,Rizosphere,no,2017_400_-10,2
2141_M_2017_P48_N400_C_20180429_CABBI,Miscanthus,2017,48,400,-10,Rizosphere,no,2017_400_-10,2
2142_M_2017_P50_N200_A_20180429_CABBI,Miscanthus,2017,50,200,-10,Rizosphere,no,2017_200_-10,2
2143_M_2017_P50_N200_B_20180429_CABBI,Miscanthus,2017,50,200,-10,Rizosphere,no,2017_200_-10,2
2144_M_2017_P50_N200_C_20180429_CABBI,Miscanthus,2017,50,200,-10,Rizosphere,no,2017_200_-10,2
2145_M_2015_P53_N400_A_20180429_CABBI,Miscanthus,2015,53,400,-10,Rizosphere,no,2015_400_-10,1
2146_M_2015_P53_N400_B_20180429_CABBI,Miscanthus,2015,53,400,-10,Rizosphere,no,2015_400_-10,1
2147_M_2015_P53_N400_C_20180429_CABBI,Miscanthus,2015,53,400,-10,Rizosphere,no,2015_400_-10,1
2148_M_2015_P54_N200_A_20180429_CABBI,Miscanthus,2015,54,200,-10,Rizosphere,no,2015_200_-10,1
2149_M_2015_P54_N200_B_20180429_CABBI,Miscanthus,2015,54,200,-10,Rizosphere,no,2015_200_-10,1
2150_M_2015_P54_N200_C_20180429_CABBI,Miscanthus,2015,54,200,-10,Rizosphere,no,2015_200_-10,1
2151_M_2015_P55_N0_A_20180429_CABBI,Miscanthus,2015,55,0,-10,Rizosphere,no,2015_0_-10,1
2152_M_2015_P55_N0_B_20180429_CABBI,Miscanthus,2015,55,0,-10,Rizosphere,no,2015_0_-10,1
2153_M_2015_P55_N0_C_20180429_CABBI,Miscanthus,2015,55,0,-10,Rizosphere,no,2015_0_-10,1
2154_M_2016_P56_N0_A_20180429_CABBI,Miscanthus,2016,56,0,-10,Rizosphere,no,2016_0_-10,1
2155_M_2016_P56_N0_B_20180429_CABBI,Miscanthus,2016,56,0,-10,Rizosphere,no,2016_0_-10,1
2156_M_2016_P56_N0_C_20180429_CABBI,Miscanthus,2016,56,0,-10,Rizosphere,no,2016_0_-10,1
2157_M_2016_P58_N400_A_20180429_CABBI,Miscanthus,2016,58,400,-10,Rizosphere,no,2016_400_-10,1
2158_M_2016_P58_N400_B_20180429_CABBI,Miscanthus,2016,58,400,-10,Rizosphere,no,2016_400_-10,1
2159_M_2016_P58_N400_C_20180429_CABBI,Miscanthus,2016,58,400,-10,Rizosphere,no,2016_400_-10,1
2160_M_2016_P60_N200_A_20180429_CABBI,Miscanthus,2016,60,200,-10,Rizosphere,no,2016_200_-10,1
2161_M_2016_P60_N200_B_20180429_CABBI,Miscanthus,2016,60,200,-10,Rizosphere,no,2016_200_-10,1
2162_M_2016_P60_N200_C_20180429_CABBI,Miscanthus,2016,60,200,-10,Rizosphere,no,2016_200_-10,1
2163_C_2018_P14_N0_Bulk_20180429_CABBI,Corn,2018,14,0,-10,Bulk,no,2018_0_-10,3
2164_C_2018_P13_N300_Bulk_20180429_CABBI,Corn,2018,13,300,-10,Bulk,no,2018_300_-10,3
2165_C_2018_P12_N200_Bulk_20180429_CABBI,Corn,2018,12,200,-10,Bulk,no,2018_200_-10,3
2166_M_2017_P14_N0_Bulk_20180429_CABBI,Miscanthus,2017,14,0,-10,Bulk,no,2017_0_-10,2
2167_M_2017_P13_N400_Bulk_20180429_CABBI,Miscanthus,2017,13,400,-10,Bulk,no,2017_400_-10,2
2168_M_2017_P12_N200_Bulk_20180429_CABBI,Miscanthus,2017,12,200,-10,Bulk,no,2017_200_-10,2
2169_M_2016_P7_N0_Bulk_20180429_CABBI,Miscanthus,2016,7,0,-10,Bulk,no,2016_0_-10,1
2170_M_2016_P6_N400_Bulk_20180429_CABBI,Miscanthus,2016,6,400,-10,Bulk,no,2016_400_-10,1
2171_M_2016_P9_N200_Bulk_20180429_CABBI,Miscanthus,2016,9,200,-10,Bulk,no,2016_200_-10,1
2172_M_2015_P4_N0_Bulk_20180429_CABBI,Miscanthus,2015,4,0,-10,Bulk,no,2015_0_-10,1
2173_M_2015_P3_N400_Bulk_20180429_CABBI,Miscanthus,2015,3,400,-10,Bulk,no,2015_400_-10,1
2174_M_2015_P5_N200_Bulk_20180429_CABBI,Miscanthus,2015,5,200,-10,Bulk,no,2015_200_-10,1
3001_C_2018_P3_N300_A_20180530_CABBI,Corn,2018,3,300,5,Rizosphere,yes,2018_300_5,3
3002_C_2018_P3_N300_B_20180514_CABBI,Corn,2018,3,300,5,Rizosphere,yes,2018_300_5,3
3003_C_2018_P4_N0_A_20180514_CABBI,Corn,2018,4,0,5,Rizosphere,yes,2018_0_5,3
3004_C_2018_P4_N0_B_20180514_CABBI,Corn,2018,4,0,5,Rizosphere,yes,2018_0_5,3
3005_C_2018_P5_N200_A_20180514_CABBI,Corn,2018,5,200,5,Rizosphere,yes,2018_200_5,3
3006_C_2018_P5_N200_B_20180514_CABBI,Corn,2018,5,200,5,Rizosphere,yes,2018_200_5,3
3007_C_2018_P6_N300_A_20180514_CABBI,Corn,2018,6,300,5,Rizosphere,yes,2018_300_5,3
3008_C_2018_P6_N300_B_20180514_CABBI,Corn,2018,6,300,5,Rizosphere,yes,2018_300_5,3
3009_C_2018_P7_N0_A_20180514_CABBI,Corn,2018,7,0,5,Rizosphere,yes,2018_0_5,3
3010_C_2018_P7_N0_B_20180514_CABBI,Corn,2018,7,0,5,Rizosphere,yes,2018_0_5,3
3011_C_2018_P9_N200_A_20180514_CABBI,Corn,2018,9,200,5,Rizosphere,yes,2018_200_5,3
3012_C_2018_P9_N200_B_20180514_CABBI,Corn,2018,9,200,5,Rizosphere,yes,2018_200_5,3
3013_C_2018_P12_N200_A_20180514_CABBI,Corn,2018,12,200,5,Rizosphere,yes,2018_200_5,3
3014_C_2018_P12_N200_B_20180514_CABBI,Corn,2018,12,200,5,Rizosphere,yes,2018_200_5,3
3015_C_2018_P13_N300_A_20180514_CABBI,Corn,2018,13,300,5,Rizosphere,yes,2018_300_5,3
3016_C_2018_P13_N300_B_20180514_CABBI,Corn,2018,13,300,5,Rizosphere,yes,2018_300_5,3
3017_C_2018_P14_N0_A_20180514_CABBI,Corn,2018,14,0,5,Rizosphere,yes,2018_0_5,3
3018_C_2018_P14_N0_B_20180514_CABBI,Corn,2018,14,0,5,Rizosphere,yes,2018_0_5,3
3019_M_2015_P3_N400_A_20180514_CABBI,Miscanthus,2015,3,400,5,Rizosphere,yes,2015_400_5,1
3020_M_2015_P3_N400_B_20180514_CABBI,Miscanthus,2015,3,400,5,Rizosphere,yes,2015_400_5,1
3021_M_2015_P4_N0_A_20180514_CABBI,Miscanthus,2015,4,0,5,Rizosphere,yes,2015_0_5,1
3022_M_2015_P4_N0_B_20180514_CABBI,Miscanthus,2015,4,0,5,Rizosphere,yes,2015_0_5,1
3023_M_2015_P5_N200_A_20180514_CABBI,Miscanthus,2015,5,200,5,Rizosphere,yes,2015_200_5,1
3024_M_2015_P5_N200_B_20180514_CABBI,Miscanthus,2015,5,200,5,Rizosphere,yes,2015_200_5,1
3025_M_2016_P6_N400_A_20180514_CABBI,Miscanthus,2016,6,400,5,Rizosphere,yes,2016_400_5,1
3026_M_2016_P6_N400_B_20180514_CABBI,Miscanthus,2016,6,400,5,Rizosphere,yes,2016_400_5,1
3027_M_2016_P7_N0_A_20180514_CABBI,Miscanthus,2016,7,0,5,Rizosphere,yes,2016_0_5,1
3028_M_2016_P7_N0_B_20180514_CABBI,Miscanthus,2016,7,0,5,Rizosphere,yes,2016_0_5,1
3029_M_2016_P9_N200_A_20180514_CABBI,Miscanthus,2016,9,200,5,Rizosphere,yes,2016_200_5,1
3030_M_2016_P9_N200_B_20180514_CABBI,Miscanthus,2016,9,200,5,Rizosphere,yes,2016_200_5,1
3031_M_2017_P12_N200_A_20180514_CABBI,Miscanthus,2017,12,200,5,Rizosphere,yes,2017_200_5,2
3032_M_2017_P12_N200_B_20180514_CABBI,Miscanthus,2017,12,200,5,Rizosphere,yes,2017_200_5,2
3033_M_2017_P13_N400_A_20180514_CABBI,Miscanthus,2017,13,400,5,Rizosphere,yes,2017_400_5,2
3034_M_2017_P13_N400_B_20180514_CABBI,Miscanthus,2017,13,400,5,Rizosphere,yes,2017_400_5,2
3035_M_2017_P14_N0_A_20180514_CABBI,Miscanthus,2017,14,0,5,Rizosphere,yes,2017_0_5,2
3036_M_2017_P14_N0_B_20180514_CABBI,Miscanthus,2017,14,0,5,Rizosphere,yes,2017_0_5,2
3037_M_2016_P17_N400_A_20180514_CABBI,Miscanthus,2016,17,400,5,Rizosphere,yes,2016_400_5,1
3038_M_2016_P17_N400_B_20180514_CABBI,Miscanthus,2016,17,400,5,Rizosphere,yes,2016_400_5,1
3039_M_2016_P18_N200_A_20180514_CABBI,Miscanthus,2016,18,200,5,Rizosphere,yes,2016_200_5,1
3040_M_2016_P18_N200_B_20180514_CABBI,Miscanthus,2016,18,200,5,Rizosphere,yes,2016_200_5,1
3041_M_2016_P19_N0_A_20180514_CABBI,Miscanthus,2016,19,0,5,Rizosphere,yes,2016_0_5,1
3042_M_2016_P19_N0_B_20180514_CABBI,Miscanthus,2016,19,0,5,Rizosphere,yes,2016_0_5,1
3043_M_2017_P22_N400_A_20180514_CABBI,Miscanthus,2017,22,400,5,Rizosphere,yes,2017_400_5,2
3044_M_2017_P22_N400_B_20180514_CABBI,Miscanthus,2017,22,400,5,Rizosphere,yes,2017_400_5,2
3045_M_2017_P24_N0_A_20180514_CABBI,Miscanthus,2017,24,0,5,Rizosphere,yes,2017_0_5,2
3046_M_2017_P24_N0_B_20180514_CABBI,Miscanthus,2017,24,0,5,Rizosphere,yes,2017_0_5,2
3047_M_2017_P25_N200_A_20180514_CABBI,Miscanthus,2017,25,200,5,Rizosphere,yes,2017_200_5,2
3048_M_2017_P25_N200_B_20180514_CABBI,Miscanthus,2017,25,200,5,Rizosphere,yes,2017_200_5,2
3049_M_2015_P27_N400_A_20180514_CABBI,Miscanthus,2015,27,400,5,Rizosphere,yes,2015_400_5,1
3050_M_2015_P27_N400_B_20180514_CABBI,Miscanthus,2015,27,400,5,Rizosphere,yes,2015_400_5,1
3051_M_2015_P28_N0_A_20180514_CABBI,Miscanthus,2015,28,0,5,Rizosphere,yes,2015_0_5,1
3052_M_2015_P28_N0_B_20180514_CABBI,Miscanthus,2015,28,0,5,Rizosphere,yes,2015_0_5,1
3053_M_2015_P30_N200_A_20180514_CABBI,Miscanthus,2015,30,200,5,Rizosphere,yes,2015_200_5,1
3054_M_2015_P30_N200_B_20180514_CABBI,Miscanthus,2015,30,200,5,Rizosphere,yes,2015_200_5,1
3055_M_2017_P33_N200_A_20180514_CABBI,Miscanthus,2017,33,200,5,Rizosphere,yes,2017_200_5,2
3056_M_2017_P33_N200_B_20180514_CABBI,Miscanthus,2017,33,200,5,Rizosphere,yes,2017_200_5,2
3057_M_2017_P34_N400_A_20180514_CABBI,Miscanthus,2017,34,400,5,Rizosphere,yes,2017_400_5,2
3058_M_2017_P34_N400_B_20180514_CABBI,Miscanthus,2017,34,400,5,Rizosphere,yes,2017_400_5,2
3059_M_2017_P35_N0_A_20180514_CABBI,Miscanthus,2017,35,0,5,Rizosphere,yes,2017_0_5,2
3060_M_2017_P35_N0_B_20180514_CABBI,Miscanthus,2017,35,0,5,Rizosphere,yes,2017_0_5,2
3061_M_2016_P37_N400_A_20180514_CABBI,Miscanthus,2016,37,400,5,Rizosphere,yes,2016_400_5,1
3062_M_2016_P37_N400_B_20180514_CABBI,Miscanthus,2016,37,400,5,Rizosphere,yes,2016_400_5,1
3063_M_2016_P39_N0_A_20180514_CABBI,Miscanthus,2016,39,0,5,Rizosphere,yes,2016_0_5,1
3064_M_2016_P39_N0_B_20180514_CABBI,Miscanthus,2016,39,0,5,Rizosphere,yes,2016_0_5,1
3065_M_2016_P40_N200_A_20180514_CABBI,Miscanthus,2016,40,200,5,Rizosphere,yes,2016_200_5,1
3066_M_2016_P40_N200_B_20180514_CABBI,Miscanthus,2016,40,200,5,Rizosphere,yes,2016_200_5,1
3067_M_2015_P43_N200_A_20180514_CABBI,Miscanthus,2015,43,200,5,Rizosphere,yes,2015_200_5,1
3068_M_2015_P43_N200_B_20180514_CABBI,Miscanthus,2015,43,200,5,Rizosphere,yes,2015_200_5,1
3069_M_2015_P44_N0_A_20180514_CABBI,Miscanthus,2015,44,0,5,Rizosphere,yes,2015_0_5,1
3070_M_2015_P44_N0_B_20180514_CABBI,Miscanthus,2015,44,0,5,Rizosphere,yes,2015_0_5,1
3071_M_2015_P45_N400_A_20180514_CABBI,Miscanthus,2015,45,400,5,Rizosphere,yes,2015_400_5,1
3072_M_2015_P45_N400_B_20180514_CABBI,Miscanthus,2015,45,400,5,Rizosphere,yes,2015_400_5,1
3073_C_2018_P33_N200_A_20180514_CABBI,Corn,2018,33,200,5,Rizosphere,yes,2018_200_5,3
3074_C_2018_P33_N200_B_20180514_CABBI,Corn,2018,33,200,5,Rizosphere,yes,2018_200_5,3
3075_C_2018_P34_N300_A_20180514_CABBI,Corn,2018,34,300,5,Rizosphere,yes,2018_300_5,3
3076_C_2018_P34_N300_B_20180514_CABBI,Corn,2018,34,300,5,Rizosphere,yes,2018_300_5,3
3077_C_2018_P35_N0_A_20180514_CABBI,Corn,2018,35,0,5,Rizosphere,yes,2018_0_5,3
3078_C_2018_P35_N0_B_20180514_CABBI,Corn,2018,35,0,5,Rizosphere,yes,2018_0_5,3
3079_C_2018_P37_N300_A_20180514_CABBI,Corn,2018,37,300,5,Rizosphere,yes,2018_300_5,3
3080_C_2018_P37_N300_B_20180514_CABBI,Corn,2018,37,300,5,Rizosphere,yes,2018_300_5,3
3081_C_2018_P39_N0_A_20180514_CABBI,Corn,2018,39,0,5,Rizosphere,yes,2018_0_5,3
3082_C_2018_P39_N0_B_20180514_CABBI,Corn,2018,39,0,5,Rizosphere,yes,2018_0_5,3
3083_C_2018_P40_N200_A_20180514_CABBI,Corn,2018,40,200,5,Rizosphere,yes,2018_200_5,3
3084_C_2018_P40_N200_B_20180514_CABBI,Corn,2018,40,200,5,Rizosphere,yes,2018_200_5,3
3085_C_2018_P43_N200_A_20180514_CABBI,Corn,2018,43,200,5,Rizosphere,yes,2018_200_5,3
3086_C_2018_P43_N200_B_20180514_CABBI,Corn,2018,43,200,5,Rizosphere,yes,2018_200_5,3
3087_C_2018_P44_N0_A_20180514_CABBI,Corn,2018,44,0,5,Rizosphere,yes,2018_0_5,3
3088_C_2018_P44_N0_B_20180514_CABBI,Corn,2018,44,0,5,Rizosphere,yes,2018_0_5,3
3089_C_2018_P45_N300_A_20180514_CABBI,Corn,2018,45,300,5,Rizosphere,yes,2018_300_5,3
3090_C_2018_P45_N300_B_20180514_CABBI,Corn,2018,45,300,5,Rizosphere,yes,2018_300_5,3
3091_M_2017_P46_N0_A_20180514_CABBI,Miscanthus,2017,46,0,5,Rizosphere,yes,2017_0_5,2
3092_M_2017_P46_N0_B_20180514_CABBI,Miscanthus,2017,46,0,5,Rizosphere,yes,2017_0_5,2
3093_M_2017_P48_N400_A_20180514_CABBI,Miscanthus,2017,48,400,5,Rizosphere,yes,2017_400_5,2
3094_M_2017_P48_N400_B_20180514_CABBI,Miscanthus,2017,48,400,5,Rizosphere,yes,2017_400_5,2
3095_M_2017_P50_N200_A_20180514_CABBI,Miscanthus,2017,50,200,5,Rizosphere,yes,2017_200_5,2
3096_M_2017_P50_N200_B_20180514_CABBI,Miscanthus,2017,50,200,5,Rizosphere,yes,2017_200_5,2
3097_M_2015_P53_N400_A_20180514_CABBI,Miscanthus,2015,53,400,5,Rizosphere,yes,2015_400_5,1
3098_M_2015_P53_N400_B_20180514_CABBI,Miscanthus,2015,53,400,5,Rizosphere,yes,2015_400_5,1
3099_M_2015_P54_N200_A_20180514_CABBI,Miscanthus,2015,54,200,5,Rizosphere,yes,2015_200_5,1
3100_M_2015_P54_N200_B_20180514_CABBI,Miscanthus,2015,54,200,5,Rizosphere,yes,2015_200_5,1
3101_M_2015_P55_N0_A_20180514_CABBI,Miscanthus,2015,55,0,5,Rizosphere,yes,2015_0_5,1
3102_M_2015_P55_N0_B_20180514_CABBI,Miscanthus,2015,55,0,5,Rizosphere,yes,2015_0_5,1
3103_M_2016_P56_N0_A_20180514_CABBI,Miscanthus,2016,56,0,5,Rizosphere,yes,2016_0_5,1
3104_M_2016_P56_N0_B_20180514_CABBI,Miscanthus,2016,56,0,5,Rizosphere,yes,2016_0_5,1
3105_M_2016_P58_N400_A_20180514_CABBI,Miscanthus,2016,58,400,5,Rizosphere,yes,2016_400_5,1
3106_M_2016_P58_N400_B_20180514_CABBI,Miscanthus,2016,58,400,5,Rizosphere,yes,2016_400_5,1
3107_M_2016_P60_N200_A_20180514_CABBI,Miscanthus,2016,60,200,5,Rizosphere,yes,2016_200_5,1
3108_M_2016_P60_N200_B_20180514_CABBI,Miscanthus,2016,60,200,5,Rizosphere,yes,2016_200_5,1
3109_C_2018_P14_N0_20180514_BULK_DNA_CABBI,Corn,2018,14,0,5,Bulk,yes,2018_0_5,3
3110_C_2018_P13_N300_20180514_BULK_DNA_CABBI,Corn,2018,13,300,5,Bulk,yes,2018_300_5,3
3111_C_2018_P12_N200_20180514_BULK_DNA_CABBI,Corn,2018,12,200,5,Bulk,yes,2018_200_5,3
3112_M_2017_P14_N0_20180514_BULK_DNA_CABBI,Miscanthus,2017,14,0,5,Bulk,yes,2017_0_5,2
3113_M_2017_P13_N400_20180514_BULK_DNA_CABBI,Miscanthus,2017,13,400,5,Bulk,yes,2017_400_5,2
3114_M_2017_P12_N200_20180514_BULK_DNA_CABBI,Miscanthus,2017,12,200,5,Bulk,yes,2017_200_5,2
3115_M_2016_P7_N0_20180514_BULK_DNA_CABBI,Miscanthus,2016,7,0,5,Bulk,yes,2016_0_5,1
3116_M_2016_P6_N400_20180514_BULK_DNA_CABBI,Miscanthus,2016,6,400,5,Bulk,yes,2016_400_5,1
3117_M_2016_P9_N200_20180514_BULK_DNA_CABBI,Miscanthus,2016,9,200,5,Bulk,yes,2016_200_5,1
3118_M_2015_P4_N0_20180514_BULK_DNA_CABBI,Miscanthus,2015,4,0,5,Bulk,yes,2015_0_5,1
3119_M_2015_P3_N400_20180514_BULK_DNA_CABBI,Miscanthus,2015,3,400,5,Bulk,yes,2015_400_5,1
3120_M_2015_P5_N200_20180514_BULK_DNA_CABBI,Miscanthus,2015,5,200,5,Bulk,yes,2015_200_5,1
4001_C_2018_P3_N300_A_20180530_CABBI,Corn,2018,3,300,21,Rizosphere,yes,2018_300_21,3
4002_C_2018_P3_N300_B_20180530_CABBI,Corn,2018,3,300,21,Rizosphere,yes,2018_300_21,3
4003_C_2018_P4_N0_A_20180530_CABBI,Corn,2018,4,0,21,Rizosphere,yes,2018_0_21,3
4004_C_2018_P4_N0_B_20180530_CABBI,Corn,2018,4,0,21,Rizosphere,yes,2018_0_21,3
4005_C_2018_P5_N200_A_20180530_CABBI,Corn,2018,5,200,21,Rizosphere,yes,2018_200_21,3
4006_C_2018_P5_N200_B_20180530_CABBI,Corn,2018,5,200,21,Rizosphere,yes,2018_200_21,3
4007_C_2018_P6_N300_A_20180530_CABBI,Corn,2018,6,300,21,Rizosphere,yes,2018_300_21,3
4008_C_2018_P6_N300_B_20180530_CABBI,Corn,2018,6,300,21,Rizosphere,yes,2018_300_21,3
4009_C_2018_P7_N0_A_20180530_CABBI,Corn,2018,7,0,21,Rizosphere,yes,2018_0_21,3
4010_C_2018_P7_N0_B_20180530_CABBI,Corn,2018,7,0,21,Rizosphere,yes,2018_0_21,3
4011_C_2018_P9_N200_A_20180530_CABBI,Corn,2018,9,200,21,Rizosphere,yes,2018_200_21,3
4012_C_2018_P9_N200_B_20180530_CABBI,Corn,2018,9,200,21,Rizosphere,yes,2018_200_21,3
4013_C_2018_P12_N200_A_20180530_CABBI,Corn,2018,12,200,21,Rizosphere,yes,2018_200_21,3
4014_C_2018_P12_N200_B_20180530_CABBI,Corn,2018,12,200,21,Rizosphere,yes,2018_200_21,3
4015_C_2018_P13_N300_A_20180530_CABBI,Corn,2018,13,300,21,Rizosphere,yes,2018_300_21,3
4016_C_2018_P13_N300_B_20180530_CABBI,Corn,2018,13,300,21,Rizosphere,yes,2018_300_21,3
4017_C_2018_P14_N0_A_20180530_CABBI,Corn,2018,14,0,21,Rizosphere,yes,2018_0_21,3
4018_C_2018_P14_N0_B_20180530_CABBI,Corn,2018,14,0,21,Rizosphere,yes,2018_0_21,3
4019_M_2015_P3_N400_A_20180530_CABBI,Miscanthus,2015,3,400,21,Rizosphere,yes,2015_400_21,1
4020_M_2015_P3_N400_B_20180530_CABBI,Miscanthus,2015,3,400,21,Rizosphere,yes,2015_400_21,1
4021_M_2015_P4_N0_A_20180530_CABBI,Miscanthus,2015,4,0,21,Rizosphere,yes,2015_0_21,1
4022_M_2015_P4_N0_B_20180530_CABBI,Miscanthus,2015,4,0,21,Rizosphere,yes,2015_0_21,1
4023_M_2015_P5_N200_A_20180530_CABBI,Miscanthus,2015,5,200,21,Rizosphere,yes,2015_200_21,1
4024_M_2015_P5_N200_B_20180530_CABBI,Miscanthus,2015,5,200,21,Rizosphere,yes,2015_200_21,1
4025_M_2016_P6_N400_A_20180530_CABBI,Miscanthus,2016,6,400,21,Rizosphere,yes,2016_400_21,1
4026_M_2016_P6_N400_B_20180530_CABBI,Miscanthus,2016,6,400,21,Rizosphere,yes,2016_400_21,1
4027_M_2016_P7_N0_A_20180530_CABBI,Miscanthus,2016,7,0,21,Rizosphere,yes,2016_0_21,1
4028_M_2016_P7_N0_B_20180530_CABBI,Miscanthus,2016,7,0,21,Rizosphere,yes,2016_0_21,1
4029_M_2016_P9_N200_A_20180530_CABBI,Miscanthus,2016,9,200,21,Rizosphere,yes,2016_200_21,1
4030_M_2016_P9_N200_B_20180530_CABBI,Miscanthus,2016,9,200,21,Rizosphere,yes,2016_200_21,1
4031_M_2017_P12_N200_A_20180530_CABBI,Miscanthus,2017,12,200,21,Rizosphere,yes,2017_200_21,2
4032_M_2017_P12_N200_B_20180530_CABBI,Miscanthus,2017,12,200,21,Rizosphere,yes,2017_200_21,2
4033_M_2017_P13_N400_A_20180530_CABBI,Miscanthus,2017,13,400,21,Rizosphere,yes,2017_400_21,2
4034_M_2017_P13_N400_B_20180530_CABBI,Miscanthus,2017,13,400,21,Rizosphere,yes,2017_400_21,2
4035_M_2017_P14_N0_A_20180530_CABBI,Miscanthus,2017,14,0,21,Rizosphere,yes,2017_0_21,2
4036_M_2017_P14_N0_B_20180530_CABBI,Miscanthus,2017,14,0,21,Rizosphere,yes,2017_0_21,2
4037_M_2016_P17_N400_A_20180530_CABBI,Miscanthus,2016,17,400,21,Rizosphere,yes,2016_400_21,1
4038_M_2016_P17_N400_B_20180530_CABBI,Miscanthus,2016,17,400,21,Rizosphere,yes,2016_400_21,1
4039_M_2016_P18_N200_A_20180530_CABBI,Miscanthus,2016,18,200,21,Rizosphere,yes,2016_200_21,1
4040_M_2016_P18_N200_B_20180530_CABBI,Miscanthus,2016,18,200,21,Rizosphere,yes,2016_200_21,1
4041_M_2016_P19_N0_A_20180530_CABBI,Miscanthus,2016,19,0,21,Rizosphere,yes,2016_0_21,1
4042_M_2016_P19_N0_B_20180530_CABBI,Miscanthus,2016,19,0,21,Rizosphere,yes,2016_0_21,1
4043_M_2017_P22_N400_A_20180530_CABBI,Miscanthus,2017,22,400,21,Rizosphere,yes,2017_400_21,2
4044_M_2017_P22_N400_B_20180530_CABBI,Miscanthus,2017,22,400,21,Rizosphere,yes,2017_400_21,2
4045_M_2017_P24_N0_A_20180530_CABBI,Miscanthus,2017,24,0,21,Rizosphere,yes,2017_0_21,2
4046_M_2017_P24_N0_B_20180530_CABBI,Miscanthus,2017,24,0,21,Rizosphere,yes,2017_0_21,2
4047_M_2017_P25_N200_A_20180530_CABBI,Miscanthus,2017,25,200,21,Rizosphere,yes,2017_200_21,2
4048_M_2017_P25_N200_B_20180530_CABBI,Miscanthus,2017,25,200,21,Rizosphere,yes,2017_200_21,2
4049_M_2015_P27_N400_A_20180530_CABBI,Miscanthus,2015,27,400,21,Rizosphere,yes,2015_400_21,1
4050_M_2015_P27_N400_B_20180530_CABBI,Miscanthus,2015,27,400,21,Rizosphere,yes,2015_400_21,1
4051_M_2015_P28_N0_A_20180530_CABBI,Miscanthus,2015,28,0,21,Rizosphere,yes,2015_0_21,1
4052_M_2015_P28_N0_B_20180530_CABBI,Miscanthus,2015,28,0,21,Rizosphere,yes,2015_0_21,1
4053_M_2015_P30_N200_A_20180530_CABBI,Miscanthus,2015,30,200,21,Rizosphere,yes,2015_200_21,1
4054_M_2015_P30_N200_B_20180530_CABBI,Miscanthus,2015,30,200,21,Rizosphere,yes,2015_200_21,1
4055_M_2017_P33_N200_A_20180530_CABBI,Miscanthus,2017,33,200,21,Rizosphere,yes,2017_200_21,2
4056_M_2017_P33_N200_B_20180530_CABBI,Miscanthus,2017,33,200,21,Rizosphere,yes,2017_200_21,2
4057_M_2017_P34_N400_A_20180530_CABBI,Miscanthus,2017,34,400,21,Rizosphere,yes,2017_400_21,2
4058_M_2017_P34_N400_B_20180530_CABBI,Miscanthus,2017,34,400,21,Rizosphere,yes,2017_400_21,2
4059_M_2017_P35_N0_A_20180530_CABBI,Miscanthus,2017,35,0,21,Rizosphere,yes,2017_0_21,2
4060_M_2017_P35_N0_B_20180530_CABBI,Miscanthus,2017,35,0,21,Rizosphere,yes,2017_0_21,2
4061_M_2016_P37_N400_A_20180530_CABBI,Miscanthus,2016,37,400,21,Rizosphere,yes,2016_400_21,1
4062_M_2016_P37_N400_B_20180530_CABBI,Miscanthus,2016,37,400,21,Rizosphere,yes,2016_400_21,1
4063_M_2016_P39_N0_A_20180530_CABBI,Miscanthus,2016,39,0,21,Rizosphere,yes,2016_0_21,1
4064_M_2016_P39_N0_B_20180530_CABBI,Miscanthus,2016,39,0,21,Rizosphere,yes,2016_0_21,1
4065_M_2016_P40_N200_A_20180530_CABBI,Miscanthus,2016,40,200,21,Rizosphere,yes,2016_200_21,1
4066_M_2016_P40_N200_B_20180530_CABBI,Miscanthus,2016,40,200,21,Rizosphere,yes,2016_200_21,1
4067_M_2015_P43_N200_A_20180530_CABBI,Miscanthus,2015,43,200,21,Rizosphere,yes,2015_200_21,1
4068_M_2015_P43_N200_B_20180530_CABBI,Miscanthus,2015,43,200,21,Rizosphere,yes,2015_200_21,1
4069_M_2015_P44_N0_A_20180530_CABBI,Miscanthus,2015,44,0,21,Rizosphere,yes,2015_0_21,1
4070_M_2015_P44_N0_B_20180530_CABBI,Miscanthus,2015,44,0,21,Rizosphere,yes,2015_0_21,1
4071_M_2015_P45_N400_A_20180530_CABBI,Miscanthus,2015,45,400,21,Rizosphere,yes,2015_400_21,1
4072_M_2015_P45_N400_B_20180530_CABBI,Miscanthus,2015,45,400,21,Rizosphere,yes,2015_400_21,1
4073_C_2018_P33_N200_A_20180530_CABBI,Corn,2018,33,200,21,Rizosphere,yes,2018_200_21,3
4074_C_2018_P33_N200_B_20180530_CABBI,Corn,2018,33,200,21,Rizosphere,yes,2018_200_21,3
4075_C_2018_P34_N300_A_20180530_CABBI,Corn,2018,34,300,21,Rizosphere,yes,2018_300_21,3
4076_C_2018_P34_N300_B_20180530_CABBI,Corn,2018,34,300,21,Rizosphere,yes,2018_300_21,3
4077_C_2018_P35_N0_A_20180530_CABBI,Corn,2018,35,0,21,Rizosphere,yes,2018_0_21,3
4078_C_2018_P35_N0_B_20180530_CABBI,Corn,2018,35,0,21,Rizosphere,yes,2018_0_21,3
4079_C_2018_P37_N300_A_20180530_CABBI,Corn,2018,37,300,21,Rizosphere,yes,2018_300_21,3
4080_C_2018_P37_N300_B_20180530_CABBI,Corn,2018,37,300,21,Rizosphere,yes,2018_300_21,3
4081_C_2018_P39_N0_A_20180530_CABBI,Corn,2018,39,0,21,Rizosphere,yes,2018_0_21,3
4082_C_2018_P39_N0_B_20180530_CABBI,Corn,2018,39,0,21,Rizosphere,yes,2018_0_21,3
4083_C_2018_P40_N200_A_20180530_CABBI,Corn,2018,40,200,21,Rizosphere,yes,2018_200_21,3
4084_C_2018_P40_N200_B_20180530_CABBI,Corn,2018,40,200,21,Rizosphere,yes,2018_200_21,3
4085_C_2018_P43_N200_A_20180530_CABBI,Corn,2018,43,200,21,Rizosphere,yes,2018_200_21,3
4086_C_2018_P43_N200_B_20180530_CABBI,Corn,2018,43,200,21,Rizosphere,yes,2018_200_21,3
4087_C_2018_P44_N0_A_20180530_CABBI,Corn,2018,44,0,21,Rizosphere,yes,2018_0_21,3
4088_C_2018_P44_N0_B_20180530_CABBI,Corn,2018,44,0,21,Rizosphere,yes,2018_0_21,3
4089_C_2018_P45_N300_A_20180530_CABBI,Corn,2018,45,300,21,Rizosphere,yes,2018_300_21,3
4090_C_2018_P45_N300_B_20180530_CABBI,Corn,2018,45,300,21,Rizosphere,yes,2018_300_21,3
4091_M_2017_P46_N0_A_20180530_CABBI,Miscanthus,2017,46,0,21,Rizosphere,yes,2017_0_21,2
4092_M_2017_P46_N0_B_20180530_CABBI,Miscanthus,2017,46,0,21,Rizosphere,yes,2017_0_21,2
4093_M_2017_P48_N400_A_20180530_CABBI,Miscanthus,2017,48,400,21,Rizosphere,yes,2017_400_21,2
4094_M_2017_P48_N400_B_20180530_CABBI,Miscanthus,2017,48,400,21,Rizosphere,yes,2017_400_21,2
4095_M_2017_P50_N200_A_20180530_CABBI,Miscanthus,2017,50,200,21,Rizosphere,yes,2017_200_21,2
4096_M_2017_P50_N200_B_20180530_CABBI,Miscanthus,2017,50,200,21,Rizosphere,yes,2017_200_21,2
4097_M_2015_P53_N400_A_20180530_CABBI,Miscanthus,2015,53,400,21,Rizosphere,yes,2015_400_21,1
4098_M_2015_P53_N400_B_20180530_CABBI,Miscanthus,2015,53,400,21,Rizosphere,yes,2015_400_21,1
4099_M_2015_P54_N200_A_20180530_CABBI,Miscanthus,2015,54,200,21,Rizosphere,yes,2015_200_21,1
4100_M_2015_P54_N200_B_20180530_CABBI,Miscanthus,2015,54,200,21,Rizosphere,yes,2015_200_21,1
4101_M_2015_P55_N0_A_20180530_CABBI,Miscanthus,2015,55,0,21,Rizosphere,yes,2015_0_21,1
4102_M_2015_P55_N0_B_20180530_CABBI,Miscanthus,2015,55,0,21,Rizosphere,yes,2015_0_21,1
4103_M_2016_P56_N0_A_20180530_CABBI,Miscanthus,2016,56,0,21,Rizosphere,yes,2016_0_21,1
4104_M_2016_P56_N0_B_20180530_CABBI,Miscanthus,2016,56,0,21,Rizosphere,yes,2016_0_21,1
4105_M_2016_P58_N400_A_20180530_CABBI,Miscanthus,2016,58,400,21,Rizosphere,yes,2016_400_21,1
4106_M_2016_P58_N400_B_20180530_CABBI,Miscanthus,2016,58,400,21,Rizosphere,yes,2016_400_21,1
4107_M_2016_P60_N200_A_20180530_CABBI,Miscanthus,2016,60,200,21,Rizosphere,yes,2016_200_21,1
4108_M_2016_P60_N200_B_20180530_CABBI,Miscanthus,2016,60,200,21,Rizosphere,yes,2016_200_21,1
4109_C_2018_P14_N0_BULK_DNA_20180530_CABBI,Corn,2018,14,0,21,Bulk,yes,2018_0_21,3
4110_C_2018_P13_N300_BULK_DNA_20180530_CABBI,Corn,2018,13,300,21,Bulk,yes,2018_300_21,3
4111_C_2018_P12_N200_BULK_DNA_20180530_CABBI,Corn,2018,12,200,21,Bulk,yes,2018_200_21,3
4112_M_2017_P14_N0_BULK_DNA_20180530_CABBI,Miscanthus,2017,14,0,21,Bulk,yes,2017_0_21,2
4113_M_2017_P13_N400_BULK_DNA_20180530_CABBI,Miscanthus,2017,13,400,21,Bulk,yes,2017_400_21,2
4114_M_2017_P12_N200_BULK_DNA_20180530_CABBI,Miscanthus,2017,12,200,21,Bulk,yes,2017_200_21,2
4115_M_2016_P7_N0_BULK_DNA_20180530_CABBI,Miscanthus,2016,7,0,21,Bulk,yes,2016_0_21,1
4116_M_2016_P6_N400_BULK_DNA_20180530_CABBI,Miscanthus,2016,6,400,21,Bulk,yes,2016_400_21,1
4117_M_2016_P9_N200_BULK_DNA_20180530_CABBI,Miscanthus,2016,9,200,21,Bulk,yes,2016_200_21,1
4118_M_2015_P4_N0_BULK_DNA_20180530_CABBI,Miscanthus,2015,4,0,21,Bulk,yes,2015_0_21,1
4119_M_2015_P3_N400_BULK_DNA_20180530_CABBI,Miscanthus,2015,3,400,21,Bulk,yes,2015_400_21,1
4120_M_2015_P5_N200_BULK_DNA_20180530_CABBI,Miscanthus,2015,5,200,21,Bulk,yes,2015_200_21,1
5001_C_2018_P3_N300_A_20180703_CABBI,Corn,2018,3,300,69,Rizosphere,yes,2018_300_69,3
5002_C_2018_P3_N300_B_20180703_CABBI,Corn,2018,3,300,69,Rizosphere,yes,2018_300_69,3
5003_C_2018_P4_N0_A_20180703_CABBI,Corn,2018,4,0,69,Rizosphere,yes,2018_0_69,3
5004_C_2018_P4_N0_B_20180703_CABBI,Corn,2018,4,0,69,Rizosphere,yes,2018_0_69,3
5005_C_2018_P5_N200_A_20180703_CABBI,Corn,2018,5,200,69,Rizosphere,yes,2018_200_69,3
5006_C_2018_P5_N200_B_20180703_CABBI,Corn,2018,5,200,69,Rizosphere,yes,2018_200_69,3
5007_C_2018_P6_N300_A_20180703_CABBI,Corn,2018,6,300,69,Rizosphere,yes,2018_300_69,3
5008_C_2018_P6_N300_B_20180703_CABBI,Corn,2018,6,300,69,Rizosphere,yes,2018_300_69,3
5009_C_2018_P7_N0_A_20180703_CABBI,Corn,2018,7,0,69,Rizosphere,yes,2018_0_69,3
5010_C_2018_P7_N0_B_20180703_CABBI,Corn,2018,7,0,69,Rizosphere,yes,2018_0_69,3
5011_C_2018_P9_N200_A_20180703_CABBI,Corn,2018,9,200,69,Rizosphere,yes,2018_200_69,3
5012_C_2018_P9_N200_B_20180703_CABBI,Corn,2018,9,200,69,Rizosphere,yes,2018_200_69,3
5013_C_2018_P12_N200_A_20180703_CABBI,Corn,2018,12,200,69,Rizosphere,yes,2018_200_69,3
5014_C_2018_P12_N200_B_20180703_CABBI,Corn,2018,12,200,69,Rizosphere,yes,2018_200_69,3
5015_C_2018_P13_N300_A_20180703_CABBI,Corn,2018,13,300,69,Rizosphere,yes,2018_300_69,3
5016_C_2018_P13_N300_B_20180703_CABBI,Corn,2018,13,300,69,Rizosphere,yes,2018_300_69,3
5017_C_2018_P14_N0_A_20180703_CABBI,Corn,2018,14,0,69,Rizosphere,yes,2018_0_69,3
5018_C_2018_P14_N0_B_20180703_CABBI,Corn,2018,14,0,69,Rizosphere,yes,2018_0_69,3
5019_M_2015_P3_N400_A_20180703_CABBI,Miscanthus,2015,3,400,69,Rizosphere,yes,2015_400_69,1
5020_M_2015_P3_N400_B_20180703_CABBI,Miscanthus,2015,3,400,69,Rizosphere,yes,2015_400_69,1
5021_M_2015_P4_N0_A_20180703_CABBI,Miscanthus,2015,4,0,69,Rizosphere,yes,2015_0_69,1
5022_M_2015_P4_N0_B_20180703_CABBI,Miscanthus,2015,4,0,69,Rizosphere,yes,2015_0_69,1
5023_M_2015_P5_N200_A_20180703_CABBI,Miscanthus,2015,5,200,69,Rizosphere,yes,2015_200_69,1
5024_M_2015_P5_N200_B_20180703_CABBI,Miscanthus,2015,5,200,69,Rizosphere,yes,2015_200_69,1
5025_M_2016_P6_N400_A_20180703_CABBI,Miscanthus,2016,6,400,69,Rizosphere,yes,2016_400_69,1
5026_M_2016_P6_N400_B_20180703_CABBI,Miscanthus,2016,6,400,69,Rizosphere,yes,2016_400_69,1
5027_M_2016_P7_N0_A_20180703_CABBI,Miscanthus,2016,7,0,69,Rizosphere,yes,2016_0_69,1
5028_M_2016_P7_N0_B_20180703_CABBI,Miscanthus,2016,7,0,69,Rizosphere,yes,2016_0_69,1
5029_M_2016_P9_N200_A_20180703_CABBI,Miscanthus,2016,9,200,69,Rizosphere,yes,2016_200_69,1
5030_M_2016_P9_N200_B_20180703_CABBI,Miscanthus,2016,9,200,69,Rizosphere,yes,2016_200_69,1
5031_M_2017_P12_N200_A_20180703_CABBI,Miscanthus,2017,12,200,69,Rizosphere,yes,2017_200_69,2
5032_M_2017_P12_N200_B_20180703_CABBI,Miscanthus,2017,12,200,69,Rizosphere,yes,2017_200_69,2
5033_M_2017_P13_N400_A_20180703_CABBI,Miscanthus,2017,13,400,69,Rizosphere,yes,2017_400_69,2
5034_M_2017_P13_N400_B_20180703_CABBI,Miscanthus,2017,13,400,69,Rizosphere,yes,2017_400_69,2
5035_M_2017_P14_N0_A_20180703_CABBI,Miscanthus,2017,14,0,69,Rizosphere,yes,2017_0_69,2
5036_M_2017_P14_N0_B_20180703_CABBI,Miscanthus,2017,14,0,69,Rizosphere,yes,2017_0_69,2
5037_M_2016_P17_N400_A_20180703_CABBI,Miscanthus,2016,17,400,69,Rizosphere,yes,2016_400_69,1
5038_M_2016_P17_N400_B_20180703_CABBI,Miscanthus,2016,17,400,69,Rizosphere,yes,2016_400_69,1
5039_M_2016_P18_N200_A_20180703_CABBI,Miscanthus,2016,18,200,69,Rizosphere,yes,2016_200_69,1
5040_M_2016_P18_N200_B_20180703_CABBI,Miscanthus,2016,18,200,69,Rizosphere,yes,2016_200_69,1
5041_M_2016_P19_N0_A_20180703_CABBI,Miscanthus,2016,19,0,69,Rizosphere,yes,2016_0_69,1
5042_M_2016_P19_N0_B_20180703_CABBI,Miscanthus,2016,19,0,69,Rizosphere,yes,2016_0_69,1
5043_M_2017_P22_N400_A_20180703_CABBI,Miscanthus,2017,22,400,69,Rizosphere,yes,2017_400_69,2
5044_M_2017_P22_N400_B_20180703_CABBI,Miscanthus,2017,22,400,69,Rizosphere,yes,2017_400_69,2
5045_M_2017_P24_N0_A_20180703_CABBI,Miscanthus,2017,24,0,69,Rizosphere,yes,2017_0_69,2
5046_M_2017_P24_N0_B_20180703_CABBI,Miscanthus,2017,24,0,69,Rizosphere,yes,2017_0_69,2
5047_M_2017_P25_N200_A_20180703_CABBI,Miscanthus,2017,25,200,69,Rizosphere,yes,2017_200_69,2
5048_M_2017_P25_N200_B_20180703_CABBI,Miscanthus,2017,25,200,69,Rizosphere,yes,2017_200_69,2
5049_M_2015_P27_N400_A_20180703_CABBI,Miscanthus,2015,27,400,69,Rizosphere,yes,2015_400_69,1
5050_M_2015_P27_N400_B_20180703_CABBI,Miscanthus,2015,27,400,69,Rizosphere,yes,2015_400_69,1
5051_M_2015_P28_N0_A_20180703_CABBI,Miscanthus,2015,28,0,69,Rizosphere,yes,2015_0_69,1
5052_M_2015_P28_N0_B_20180703_CABBI,Miscanthus,2015,28,0,69,Rizosphere,yes,2015_0_69,1
5053_M_2015_P30_N200_A_20180703_CABBI,Miscanthus,2015,30,200,69,Rizosphere,yes,2015_200_69,1
5054_M_2015_P30_N200_B_20180703_CABBI,Miscanthus,2015,30,200,69,Rizosphere,yes,2015_200_69,1
5055_M_2017_P33_N200_A_20180703_CABBI,Miscanthus,2017,33,200,69,Rizosphere,yes,2017_200_69,2
5056_M_2017_P33_N200_B_20180703_CABBI,Miscanthus,2017,33,200,69,Rizosphere,yes,2017_200_69,2
5057_M_2017_P34_N400_A_20180703_CABBI,Miscanthus,2017,34,400,69,Rizosphere,yes,2017_400_69,2
5058_M_2017_P34_N400_B_20180703_CABBI,Miscanthus,2017,34,400,69,Rizosphere,yes,2017_400_69,2
5059_M_2017_P35_N0_A_20180703_CABBI,Miscanthus,2017,35,0,69,Rizosphere,yes,2017_0_69,2
5060_M_2017_P35_N0_B_20180703_CABBI,Miscanthus,2017,35,0,69,Rizosphere,yes,2017_0_69,2
5061_M_2016_P37_N400_A_20180703_CABBI,Miscanthus,2016,37,400,69,Rizosphere,yes,2016_400_69,1
5062_M_2016_P37_N400_B_20180703_CABBI,Miscanthus,2016,37,400,69,Rizosphere,yes,2016_400_69,1
5063_M_2016_P39_N0_A_20180703_CABBI,Miscanthus,2016,39,0,69,Rizosphere,yes,2016_0_69,1
5064_M_2016_P39_N0_B_20180703_CABBI,Miscanthus,2016,39,0,69,Rizosphere,yes,2016_0_69,1
5065_M_2016_P40_N200_A_20180703_CABBI,Miscanthus,2016,40,200,69,Rizosphere,yes,2016_200_69,1
5066_M_2016_P40_N200_B_20180703_CABBI,Miscanthus,2016,40,200,69,Rizosphere,yes,2016_200_69,1
5067_M_2015_P43_N200_A_20180703_CABBI,Miscanthus,2015,43,200,69,Rizosphere,yes,2015_200_69,1
5068_M_2015_P43_N200_B_20180703_CABBI,Miscanthus,2015,43,200,69,Rizosphere,yes,2015_200_69,1
5069_M_2015_P44_N0_A_20180703_CABBI,Miscanthus,2015,44,0,69,Rizosphere,yes,2015_0_69,1
5070_M_2015_P44_N0_B_20180703_CABBI,Miscanthus,2015,44,0,69,Rizosphere,yes,2015_0_69,1
5071_M_2015_P45_N400_A_20180703_CABBI,Miscanthus,2015,45,400,69,Rizosphere,yes,2015_400_69,1
5072_M_2015_P45_N400_B_20180703_CABBI,Miscanthus,2015,45,400,69,Rizosphere,yes,2015_400_69,1
5073_C_2018_P33_N200_A_20180703_CABBI,Corn,2018,33,200,69,Rizosphere,yes,2018_200_69,3
5074_C_2018_P33_N200_B_20180703_CABBI,Corn,2018,33,200,69,Rizosphere,yes,2018_200_69,3
5075_C_2018_P34_N300_A_20180703_CABBI,Corn,2018,34,300,69,Rizosphere,yes,2018_300_69,3
5076_C_2018_P34_N300_B_20180703_CABBI,Corn,2018,34,300,69,Rizosphere,yes,2018_300_69,3
5077_C_2018_P35_N0_A_20180703_CABBI,Corn,2018,35,0,69,Rizosphere,yes,2018_0_69,3
5078_C_2018_P35_N0_B_20180703_CABBI,Corn,2018,35,0,69,Rizosphere,yes,2018_0_69,3
5079_C_2018_P37_N300_A_20180703_CABBI,Corn,2018,37,300,69,Rizosphere,yes,2018_300_69,3
5080_C_2018_P37_N300_B_20180703_CABBI,Corn,2018,37,300,69,Rizosphere,yes,2018_300_69,3
5081_C_2018_P39_N0_A_20180703_CABBI,Corn,2018,39,0,69,Rizosphere,yes,2018_0_69,3
5082_C_2018_P39_N0_B_20180703_CABBI,Corn,2018,39,0,69,Rizosphere,yes,2018_0_69,3
5083_C_2018_P40_N200_A_20180703_CABBI,Corn,2018,40,200,69,Rizosphere,yes,2018_200_69,3
5084_C_2018_P40_N200_B_20180703_CABBI,Corn,2018,40,200,69,Rizosphere,yes,2018_200_69,3
5085_C_2018_P43_N200_A_20180703_CABBI,Corn,2018,43,200,69,Rizosphere,yes,2018_200_69,3
5086_C_2018_P43_N200_B_20180703_CABBI,Corn,2018,43,200,69,Rizosphere,yes,2018_200_69,3
5087_C_2018_P44_N0_A_20180703_CABBI,Corn,2018,44,0,69,Rizosphere,yes,2018_0_69,3
5088_C_2018_P44_N0_B_20180703_CABBI,Corn,2018,44,0,69,Rizosphere,yes,2018_0_69,3
5089_C_2018_P45_N300_A_20180703_CABBI,Corn,2018,45,300,69,Rizosphere,yes,2018_300_69,3
5090_C_2018_P45_N300_B_20180703_CABBI,Corn,2018,45,300,69,Rizosphere,yes,2018_300_69,3
5091_M_2017_P46_N0_A_20180703_CABBI,Miscanthus,2017,46,0,69,Rizosphere,yes,2017_0_69,2
5092_M_2017_P46_N0_B_20180703_CABBI,Miscanthus,2017,46,0,69,Rizosphere,yes,2017_0_69,2
5093_M_2017_P48_N400_A_20180703_CABBI,Miscanthus,2017,48,400,69,Rizosphere,yes,2017_400_69,2
5094_M_2017_P48_N400_B_20180703_CABBI,Miscanthus,2017,48,400,69,Rizosphere,yes,2017_400_69,2
5095_M_2017_P50_N200_A_20180703_CABBI,Miscanthus,2017,50,200,69,Rizosphere,yes,2017_200_69,2
5096_M_2017_P50_N200_B_20180703_CABBI,Miscanthus,2017,50,200,69,Rizosphere,yes,2017_200_69,2
5097_M_2015_P53_N400_A_20180703_CABBI,Miscanthus,2015,53,400,69,Rizosphere,yes,2015_400_69,1
5098_M_2015_P53_N400_B_20180703_CABBI,Miscanthus,2015,53,400,69,Rizosphere,yes,2015_400_69,1
5099_M_2015_P54_N200_A_20180703_CABBI,Miscanthus,2015,54,200,69,Rizosphere,yes,2015_200_69,1
5100_M_2015_P54_N200_B_20180703_CABBI,Miscanthus,2015,54,200,69,Rizosphere,yes,2015_200_69,1
5101_M_2015_P55_N0_A_20180703_CABBI,Miscanthus,2015,55,0,69,Rizosphere,yes,2015_0_69,1
5102_M_2015_P55_N0_B_20180703_CABBI,Miscanthus,2015,55,0,69,Rizosphere,yes,2015_0_69,1
5103_M_2016_P56_N0_A_20180703_CABBI,Miscanthus,2016,56,0,69,Rizosphere,yes,2016_0_69,1
5104_M_2016_P56_N0_B_20180703_CABBI,Miscanthus,2016,56,0,69,Rizosphere,yes,2016_0_69,1
5105_M_2016_P58_N400_A_20180703_CABBI,Miscanthus,2016,58,400,69,Rizosphere,yes,2016_400_69,1
5106_M_2016_P58_N400_B_20180703_CABBI,Miscanthus,2016,58,400,69,Rizosphere,yes,2016_400_69,1
5107_M_2016_P60_N200_A_20180703_CABBI,Miscanthus,2016,60,200,69,Rizosphere,yes,2016_200_69,1
5108_M_2016_P60_N200_B_20180703_CABBI,Miscanthus,2016,60,200,69,Rizosphere,yes,2016_200_69,1
5109_C_2018_P14_N0_BULK_DNA_20180703_CABBI,Corn,2018,14,0,69,Bulk,yes,2018_0_69,3
5110_C_2018_P13_N300_BULK_DNA_20180703_CABBI,Corn,2018,13,300,69,Bulk,yes,2018_300_69,3
5111_C_2018_P12_N200_BULK_DNA_20180703_CABBI,Corn,2018,12,200,69,Bulk,yes,2018_200_69,3
5112_M_2017_P14_N0_BULK_DNA_20180703_CABBI,Miscanthus,2017,14,0,69,Bulk,yes,2017_0_69,2
5113_M_2017_P13_N400_BULK_DNA_20180703_CABBI,Miscanthus,2017,13,400,69,Bulk,yes,2017_400_69,2
5114_M_2017_P12_N200_BULK_DNA_20180703_CABBI,Miscanthus,2017,12,200,69,Bulk,yes,2017_200_69,2
5115_M_2016_P7_N0_BULK_DNA_20180703_CABBI,Miscanthus,2016,7,0,69,Bulk,yes,2016_0_69,1
5116_M_2016_P6_N400_BULK_DNA_20180703_CABBI,Miscanthus,2016,6,400,69,Bulk,yes,2016_400_69,1
5117_M_2016_P9_N200_BULK_DNA_20180703_CABBI,Miscanthus,2016,9,200,69,Bulk,yes,2016_200_69,1
5118_M_2015_P4_N0_BULK_DNA_20180703_CABBI,Miscanthus,2015,4,0,69,Bulk,yes,2015_0_69,1
5119_M_2015_P3_N400_BULK_DNA_20180703_CABBI,Miscanthus,2015,3,400,69,Bulk,yes,2015_400_69,1
5120_M_2015_P5_N200_BULK_DNA_20180703_CABBI,Miscanthus,2015,5,200,69,Bulk,yes,2015_200_69,1